Series id,Year,Period,Value,MoYr
LNS14000000,1948,Jan,3.4,1948-01-01
LNS14000000,1948,Feb,3.8,1948-02-01
LNS14000000,1948,Mar,4.0,1948-03-01
LNS14000000,1948,Apr,3.9,1948-04-01
LNS14000000,1948,May,3.5,1948-05-01
LNS14000000,1948,Jun,3.6,1948-06-01
LNS14000000,1948,Jul,3.6,1948-07-01
LNS14000000,1948,Aug,3.9,1948-08-01
LNS14000000,1948,Sep,3.8,1948-09-01
LNS14000000,1948,Oct,3.7,1948-10-01
LNS14000000,1948,Nov,3.8,1948-11-01
LNS14000000,1948,Dec,4.0,1948-12-01
LNS14000000,1949,Jan,4.3,1949-01-01
LNS14000000,1949,Feb,4.7,1949-02-01
LNS14000000,1949,Mar,5.0,1949-03-01
LNS14000000,1949,Apr,5.3,1949-04-01
LNS14000000,1949,May,6.1,1949-05-01
LNS14000000,1949,Jun,6.2,1949-06-01
LNS14000000,1949,Jul,6.7,1949-07-01
LNS14000000,1949,Aug,6.8,1949-08-01
LNS14000000,1949,Sep,6.6,1949-09-01
LNS14000000,1949,Oct,7.9,1949-10-01
LNS14000000,1949,Nov,6.4,1949-11-01
LNS14000000,1949,Dec,6.6,1949-12-01
LNS14000000,1950,Jan,6.5,1950-01-01
LNS14000000,1950,Feb,6.4,1950-02-01
LNS14000000,1950,Mar,6.3,1950-03-01
LNS14000000,1950,Apr,5.8,1950-04-01
LNS14000000,1950,May,5.5,1950-05-01
LNS14000000,1950,Jun,5.4,1950-06-01
LNS14000000,1950,Jul,5.0,1950-07-01
LNS14000000,1950,Aug,4.5,1950-08-01
LNS14000000,1950,Sep,4.4,1950-09-01
LNS14000000,1950,Oct,4.2,1950-10-01
LNS14000000,1950,Nov,4.2,1950-11-01
LNS14000000,1950,Dec,4.3,1950-12-01
LNS14000000,1951,Jan,3.7,1951-01-01
LNS14000000,1951,Feb,3.4,1951-02-01
LNS14000000,1951,Mar,3.4,1951-03-01
LNS14000000,1951,Apr,3.1,1951-04-01
LNS14000000,1951,May,3.0,1951-05-01
LNS14000000,1951,Jun,3.2,1951-06-01
LNS14000000,1951,Jul,3.1,1951-07-01
LNS14000000,1951,Aug,3.1,1951-08-01
LNS14000000,1951,Sep,3.3,1951-09-01
LNS14000000,1951,Oct,3.5,1951-10-01
LNS14000000,1951,Nov,3.5,1951-11-01
LNS14000000,1951,Dec,3.1,1951-12-01
LNS14000000,1952,Jan,3.2,1952-01-01
LNS14000000,1952,Feb,3.1,1952-02-01
LNS14000000,1952,Mar,2.9,1952-03-01
LNS14000000,1952,Apr,2.9,1952-04-01
LNS14000000,1952,May,3.0,1952-05-01
LNS14000000,1952,Jun,3.0,1952-06-01
LNS14000000,1952,Jul,3.2,1952-07-01
LNS14000000,1952,Aug,3.4,1952-08-01
LNS14000000,1952,Sep,3.1,1952-09-01
LNS14000000,1952,Oct,3.0,1952-10-01
LNS14000000,1952,Nov,2.8,1952-11-01
LNS14000000,1952,Dec,2.7,1952-12-01
LNS14000000,1953,Jan,2.9,1953-01-01
LNS14000000,1953,Feb,2.6,1953-02-01
LNS14000000,1953,Mar,2.6,1953-03-01
LNS14000000,1953,Apr,2.7,1953-04-01
LNS14000000,1953,May,2.5,1953-05-01
LNS14000000,1953,Jun,2.5,1953-06-01
LNS14000000,1953,Jul,2.6,1953-07-01
LNS14000000,1953,Aug,2.7,1953-08-01
LNS14000000,1953,Sep,2.9,1953-09-01
LNS14000000,1953,Oct,3.1,1953-10-01
LNS14000000,1953,Nov,3.5,1953-11-01
LNS14000000,1953,Dec,4.5,1953-12-01
LNS14000000,1954,Jan,4.9,1954-01-01
LNS14000000,1954,Feb,5.2,1954-02-01
LNS14000000,1954,Mar,5.7,1954-03-01
LNS14000000,1954,Apr,5.9,1954-04-01
LNS14000000,1954,May,5.9,1954-05-01
LNS14000000,1954,Jun,5.6,1954-06-01
LNS14000000,1954,Jul,5.8,1954-07-01
LNS14000000,1954,Aug,6.0,1954-08-01
LNS14000000,1954,Sep,6.1,1954-09-01
LNS14000000,1954,Oct,5.7,1954-10-01
LNS14000000,1954,Nov,5.3,1954-11-01
LNS14000000,1954,Dec,5.0,1954-12-01
LNS14000000,1955,Jan,4.9,1955-01-01
LNS14000000,1955,Feb,4.7,1955-02-01
LNS14000000,1955,Mar,4.6,1955-03-01
LNS14000000,1955,Apr,4.7,1955-04-01
LNS14000000,1955,May,4.3,1955-05-01
LNS14000000,1955,Jun,4.2,1955-06-01
LNS14000000,1955,Jul,4.0,1955-07-01
LNS14000000,1955,Aug,4.2,1955-08-01
LNS14000000,1955,Sep,4.1,1955-09-01
LNS14000000,1955,Oct,4.3,1955-10-01
LNS14000000,1955,Nov,4.2,1955-11-01
LNS14000000,1955,Dec,4.2,1955-12-01
LNS14000000,1956,Jan,4.0,1956-01-01
LNS14000000,1956,Feb,3.9,1956-02-01
LNS14000000,1956,Mar,4.2,1956-03-01
LNS14000000,1956,Apr,4.0,1956-04-01
LNS14000000,1956,May,4.3,1956-05-01
LNS14000000,1956,Jun,4.3,1956-06-01
LNS14000000,1956,Jul,4.4,1956-07-01
LNS14000000,1956,Aug,4.1,1956-08-01
LNS14000000,1956,Sep,3.9,1956-09-01
LNS14000000,1956,Oct,3.9,1956-10-01
LNS14000000,1956,Nov,4.3,1956-11-01
LNS14000000,1956,Dec,4.2,1956-12-01
LNS14000000,1957,Jan,4.2,1957-01-01
LNS14000000,1957,Feb,3.9,1957-02-01
LNS14000000,1957,Mar,3.7,1957-03-01
LNS14000000,1957,Apr,3.9,1957-04-01
LNS14000000,1957,May,4.1,1957-05-01
LNS14000000,1957,Jun,4.3,1957-06-01
LNS14000000,1957,Jul,4.2,1957-07-01
LNS14000000,1957,Aug,4.1,1957-08-01
LNS14000000,1957,Sep,4.4,1957-09-01
LNS14000000,1957,Oct,4.5,1957-10-01
LNS14000000,1957,Nov,5.1,1957-11-01
LNS14000000,1957,Dec,5.2,1957-12-01
LNS14000000,1958,Jan,5.8,1958-01-01
LNS14000000,1958,Feb,6.4,1958-02-01
LNS14000000,1958,Mar,6.7,1958-03-01
LNS14000000,1958,Apr,7.4,1958-04-01
LNS14000000,1958,May,7.4,1958-05-01
LNS14000000,1958,Jun,7.3,1958-06-01
LNS14000000,1958,Jul,7.5,1958-07-01
LNS14000000,1958,Aug,7.4,1958-08-01
LNS14000000,1958,Sep,7.1,1958-09-01
LNS14000000,1958,Oct,6.7,1958-10-01
LNS14000000,1958,Nov,6.2,1958-11-01
LNS14000000,1958,Dec,6.2,1958-12-01
LNS14000000,1959,Jan,6.0,1959-01-01
LNS14000000,1959,Feb,5.9,1959-02-01
LNS14000000,1959,Mar,5.6,1959-03-01
LNS14000000,1959,Apr,5.2,1959-04-01
LNS14000000,1959,May,5.1,1959-05-01
LNS14000000,1959,Jun,5.0,1959-06-01
LNS14000000,1959,Jul,5.1,1959-07-01
LNS14000000,1959,Aug,5.2,1959-08-01
LNS14000000,1959,Sep,5.5,1959-09-01
LNS14000000,1959,Oct,5.7,1959-10-01
LNS14000000,1959,Nov,5.8,1959-11-01
LNS14000000,1959,Dec,5.3,1959-12-01
LNS14000000,1960,Jan,5.2,1960-01-01
LNS14000000,1960,Feb,4.8,1960-02-01
LNS14000000,1960,Mar,5.4,1960-03-01
LNS14000000,1960,Apr,5.2,1960-04-01
LNS14000000,1960,May,5.1,1960-05-01
LNS14000000,1960,Jun,5.4,1960-06-01
LNS14000000,1960,Jul,5.5,1960-07-01
LNS14000000,1960,Aug,5.6,1960-08-01
LNS14000000,1960,Sep,5.5,1960-09-01
LNS14000000,1960,Oct,6.1,1960-10-01
LNS14000000,1960,Nov,6.1,1960-11-01
LNS14000000,1960,Dec,6.6,1960-12-01
LNS14000000,1961,Jan,6.6,1961-01-01
LNS14000000,1961,Feb,6.9,1961-02-01
LNS14000000,1961,Mar,6.9,1961-03-01
LNS14000000,1961,Apr,7.0,1961-04-01
LNS14000000,1961,May,7.1,1961-05-01
LNS14000000,1961,Jun,6.9,1961-06-01
LNS14000000,1961,Jul,7.0,1961-07-01
LNS14000000,1961,Aug,6.6,1961-08-01
LNS14000000,1961,Sep,6.7,1961-09-01
LNS14000000,1961,Oct,6.5,1961-10-01
LNS14000000,1961,Nov,6.1,1961-11-01
LNS14000000,1961,Dec,6.0,1961-12-01
LNS14000000,1962,Jan,5.8,1962-01-01
LNS14000000,1962,Feb,5.5,1962-02-01
LNS14000000,1962,Mar,5.6,1962-03-01
LNS14000000,1962,Apr,5.6,1962-04-01
LNS14000000,1962,May,5.5,1962-05-01
LNS14000000,1962,Jun,5.5,1962-06-01
LNS14000000,1962,Jul,5.4,1962-07-01
LNS14000000,1962,Aug,5.7,1962-08-01
LNS14000000,1962,Sep,5.6,1962-09-01
LNS14000000,1962,Oct,5.4,1962-10-01
LNS14000000,1962,Nov,5.7,1962-11-01
LNS14000000,1962,Dec,5.5,1962-12-01
LNS14000000,1963,Jan,5.7,1963-01-01
LNS14000000,1963,Feb,5.9,1963-02-01
LNS14000000,1963,Mar,5.7,1963-03-01
LNS14000000,1963,Apr,5.7,1963-04-01
LNS14000000,1963,May,5.9,1963-05-01
LNS14000000,1963,Jun,5.6,1963-06-01
LNS14000000,1963,Jul,5.6,1963-07-01
LNS14000000,1963,Aug,5.4,1963-08-01
LNS14000000,1963,Sep,5.5,1963-09-01
LNS14000000,1963,Oct,5.5,1963-10-01
LNS14000000,1963,Nov,5.7,1963-11-01
LNS14000000,1963,Dec,5.5,1963-12-01
LNS14000000,1964,Jan,5.6,1964-01-01
LNS14000000,1964,Feb,5.4,1964-02-01
LNS14000000,1964,Mar,5.4,1964-03-01
LNS14000000,1964,Apr,5.3,1964-04-01
LNS14000000,1964,May,5.1,1964-05-01
LNS14000000,1964,Jun,5.2,1964-06-01
LNS14000000,1964,Jul,4.9,1964-07-01
LNS14000000,1964,Aug,5.0,1964-08-01
LNS14000000,1964,Sep,5.1,1964-09-01
LNS14000000,1964,Oct,5.1,1964-10-01
LNS14000000,1964,Nov,4.8,1964-11-01
LNS14000000,1964,Dec,5.0,1964-12-01
LNS14000000,1965,Jan,4.9,1965-01-01
LNS14000000,1965,Feb,5.1,1965-02-01
LNS14000000,1965,Mar,4.7,1965-03-01
LNS14000000,1965,Apr,4.8,1965-04-01
LNS14000000,1965,May,4.6,1965-05-01
LNS14000000,1965,Jun,4.6,1965-06-01
LNS14000000,1965,Jul,4.4,1965-07-01
LNS14000000,1965,Aug,4.4,1965-08-01
LNS14000000,1965,Sep,4.3,1965-09-01
LNS14000000,1965,Oct,4.2,1965-10-01
LNS14000000,1965,Nov,4.1,1965-11-01
LNS14000000,1965,Dec,4.0,1965-12-01
LNS14000000,1966,Jan,4.0,1966-01-01
LNS14000000,1966,Feb,3.8,1966-02-01
LNS14000000,1966,Mar,3.8,1966-03-01
LNS14000000,1966,Apr,3.8,1966-04-01
LNS14000000,1966,May,3.9,1966-05-01
LNS14000000,1966,Jun,3.8,1966-06-01
LNS14000000,1966,Jul,3.8,1966-07-01
LNS14000000,1966,Aug,3.8,1966-08-01
LNS14000000,1966,Sep,3.7,1966-09-01
LNS14000000,1966,Oct,3.7,1966-10-01
LNS14000000,1966,Nov,3.6,1966-11-01
LNS14000000,1966,Dec,3.8,1966-12-01
LNS14000000,1967,Jan,3.9,1967-01-01
LNS14000000,1967,Feb,3.8,1967-02-01
LNS14000000,1967,Mar,3.8,1967-03-01
LNS14000000,1967,Apr,3.8,1967-04-01
LNS14000000,1967,May,3.8,1967-05-01
LNS14000000,1967,Jun,3.9,1967-06-01
LNS14000000,1967,Jul,3.8,1967-07-01
LNS14000000,1967,Aug,3.8,1967-08-01
LNS14000000,1967,Sep,3.8,1967-09-01
LNS14000000,1967,Oct,4.0,1967-10-01
LNS14000000,1967,Nov,3.9,1967-11-01
LNS14000000,1967,Dec,3.8,1967-12-01
LNS14000000,1968,Jan,3.7,1968-01-01
LNS14000000,1968,Feb,3.8,1968-02-01
LNS14000000,1968,Mar,3.7,1968-03-01
LNS14000000,1968,Apr,3.5,1968-04-01
LNS14000000,1968,May,3.5,1968-05-01
LNS14000000,1968,Jun,3.7,1968-06-01
LNS14000000,1968,Jul,3.7,1968-07-01
LNS14000000,1968,Aug,3.5,1968-08-01
LNS14000000,1968,Sep,3.4,1968-09-01
LNS14000000,1968,Oct,3.4,1968-10-01
LNS14000000,1968,Nov,3.4,1968-11-01
LNS14000000,1968,Dec,3.4,1968-12-01
LNS14000000,1969,Jan,3.4,1969-01-01
LNS14000000,1969,Feb,3.4,1969-02-01
LNS14000000,1969,Mar,3.4,1969-03-01
LNS14000000,1969,Apr,3.4,1969-04-01
LNS14000000,1969,May,3.4,1969-05-01
LNS14000000,1969,Jun,3.5,1969-06-01
LNS14000000,1969,Jul,3.5,1969-07-01
LNS14000000,1969,Aug,3.5,1969-08-01
LNS14000000,1969,Sep,3.7,1969-09-01
LNS14000000,1969,Oct,3.7,1969-10-01
LNS14000000,1969,Nov,3.5,1969-11-01
LNS14000000,1969,Dec,3.5,1969-12-01
LNS14000000,1970,Jan,3.9,1970-01-01
LNS14000000,1970,Feb,4.2,1970-02-01
LNS14000000,1970,Mar,4.4,1970-03-01
LNS14000000,1970,Apr,4.6,1970-04-01
LNS14000000,1970,May,4.8,1970-05-01
LNS14000000,1970,Jun,4.9,1970-06-01
LNS14000000,1970,Jul,5.0,1970-07-01
LNS14000000,1970,Aug,5.1,1970-08-01
LNS14000000,1970,Sep,5.4,1970-09-01
LNS14000000,1970,Oct,5.5,1970-10-01
LNS14000000,1970,Nov,5.9,1970-11-01
LNS14000000,1970,Dec,6.1,1970-12-01
LNS14000000,1971,Jan,5.9,1971-01-01
LNS14000000,1971,Feb,5.9,1971-02-01
LNS14000000,1971,Mar,6.0,1971-03-01
LNS14000000,1971,Apr,5.9,1971-04-01
LNS14000000,1971,May,5.9,1971-05-01
LNS14000000,1971,Jun,5.9,1971-06-01
LNS14000000,1971,Jul,6.0,1971-07-01
LNS14000000,1971,Aug,6.1,1971-08-01
LNS14000000,1971,Sep,6.0,1971-09-01
LNS14000000,1971,Oct,5.8,1971-10-01
LNS14000000,1971,Nov,6.0,1971-11-01
LNS14000000,1971,Dec,6.0,1971-12-01
LNS14000000,1972,Jan,5.8,1972-01-01
LNS14000000,1972,Feb,5.7,1972-02-01
LNS14000000,1972,Mar,5.8,1972-03-01
LNS14000000,1972,Apr,5.7,1972-04-01
LNS14000000,1972,May,5.7,1972-05-01
LNS14000000,1972,Jun,5.7,1972-06-01
LNS14000000,1972,Jul,5.6,1972-07-01
LNS14000000,1972,Aug,5.6,1972-08-01
LNS14000000,1972,Sep,5.5,1972-09-01
LNS14000000,1972,Oct,5.6,1972-10-01
LNS14000000,1972,Nov,5.3,1972-11-01
LNS14000000,1972,Dec,5.2,1972-12-01
LNS14000000,1973,Jan,4.9,1973-01-01
LNS14000000,1973,Feb,5.0,1973-02-01
LNS14000000,1973,Mar,4.9,1973-03-01
LNS14000000,1973,Apr,5.0,1973-04-01
LNS14000000,1973,May,4.9,1973-05-01
LNS14000000,1973,Jun,4.9,1973-06-01
LNS14000000,1973,Jul,4.8,1973-07-01
LNS14000000,1973,Aug,4.8,1973-08-01
LNS14000000,1973,Sep,4.8,1973-09-01
LNS14000000,1973,Oct,4.6,1973-10-01
LNS14000000,1973,Nov,4.8,1973-11-01
LNS14000000,1973,Dec,4.9,1973-12-01
LNS14000000,1974,Jan,5.1,1974-01-01
LNS14000000,1974,Feb,5.2,1974-02-01
LNS14000000,1974,Mar,5.1,1974-03-01
LNS14000000,1974,Apr,5.1,1974-04-01
LNS14000000,1974,May,5.1,1974-05-01
LNS14000000,1974,Jun,5.4,1974-06-01
LNS14000000,1974,Jul,5.5,1974-07-01
LNS14000000,1974,Aug,5.5,1974-08-01
LNS14000000,1974,Sep,5.9,1974-09-01
LNS14000000,1974,Oct,6.0,1974-10-01
LNS14000000,1974,Nov,6.6,1974-11-01
LNS14000000,1974,Dec,7.2,1974-12-01
LNS14000000,1975,Jan,8.1,1975-01-01
LNS14000000,1975,Feb,8.1,1975-02-01
LNS14000000,1975,Mar,8.6,1975-03-01
LNS14000000,1975,Apr,8.8,1975-04-01
LNS14000000,1975,May,9.0,1975-05-01
LNS14000000,1975,Jun,8.8,1975-06-01
LNS14000000,1975,Jul,8.6,1975-07-01
LNS14000000,1975,Aug,8.4,1975-08-01
LNS14000000,1975,Sep,8.4,1975-09-01
LNS14000000,1975,Oct,8.4,1975-10-01
LNS14000000,1975,Nov,8.3,1975-11-01
LNS14000000,1975,Dec,8.2,1975-12-01
LNS14000000,1976,Jan,7.9,1976-01-01
LNS14000000,1976,Feb,7.7,1976-02-01
LNS14000000,1976,Mar,7.6,1976-03-01
LNS14000000,1976,Apr,7.7,1976-04-01
LNS14000000,1976,May,7.4,1976-05-01
LNS14000000,1976,Jun,7.6,1976-06-01
LNS14000000,1976,Jul,7.8,1976-07-01
LNS14000000,1976,Aug,7.8,1976-08-01
LNS14000000,1976,Sep,7.6,1976-09-01
LNS14000000,1976,Oct,7.7,1976-10-01
LNS14000000,1976,Nov,7.8,1976-11-01
LNS14000000,1976,Dec,7.8,1976-12-01
LNS14000000,1977,Jan,7.5,1977-01-01
LNS14000000,1977,Feb,7.6,1977-02-01
LNS14000000,1977,Mar,7.4,1977-03-01
LNS14000000,1977,Apr,7.2,1977-04-01
LNS14000000,1977,May,7.0,1977-05-01
LNS14000000,1977,Jun,7.2,1977-06-01
LNS14000000,1977,Jul,6.9,1977-07-01
LNS14000000,1977,Aug,7.0,1977-08-01
LNS14000000,1977,Sep,6.8,1977-09-01
LNS14000000,1977,Oct,6.8,1977-10-01
LNS14000000,1977,Nov,6.8,1977-11-01
LNS14000000,1977,Dec,6.4,1977-12-01
LNS14000000,1978,Jan,6.4,1978-01-01
LNS14000000,1978,Feb,6.3,1978-02-01
LNS14000000,1978,Mar,6.3,1978-03-01
LNS14000000,1978,Apr,6.1,1978-04-01
LNS14000000,1978,May,6.0,1978-05-01
LNS14000000,1978,Jun,5.9,1978-06-01
LNS14000000,1978,Jul,6.2,1978-07-01
LNS14000000,1978,Aug,5.9,1978-08-01
LNS14000000,1978,Sep,6.0,1978-09-01
LNS14000000,1978,Oct,5.8,1978-10-01
LNS14000000,1978,Nov,5.9,1978-11-01
LNS14000000,1978,Dec,6.0,1978-12-01
LNS14000000,1979,Jan,5.9,1979-01-01
LNS14000000,1979,Feb,5.9,1979-02-01
LNS14000000,1979,Mar,5.8,1979-03-01
LNS14000000,1979,Apr,5.8,1979-04-01
LNS14000000,1979,May,5.6,1979-05-01
LNS14000000,1979,Jun,5.7,1979-06-01
LNS14000000,1979,Jul,5.7,1979-07-01
LNS14000000,1979,Aug,6.0,1979-08-01
LNS14000000,1979,Sep,5.9,1979-09-01
LNS14000000,1979,Oct,6.0,1979-10-01
LNS14000000,1979,Nov,5.9,1979-11-01
LNS14000000,1979,Dec,6.0,1979-12-01
LNS14000000,1980,Jan,6.3,1980-01-01
LNS14000000,1980,Feb,6.3,1980-02-01
LNS14000000,1980,Mar,6.3,1980-03-01
LNS14000000,1980,Apr,6.9,1980-04-01
LNS14000000,1980,May,7.5,1980-05-01
LNS14000000,1980,Jun,7.6,1980-06-01
LNS14000000,1980,Jul,7.8,1980-07-01
LNS14000000,1980,Aug,7.7,1980-08-01
LNS14000000,1980,Sep,7.5,1980-09-01
LNS14000000,1980,Oct,7.5,1980-10-01
LNS14000000,1980,Nov,7.5,1980-11-01
LNS14000000,1980,Dec,7.2,1980-12-01
LNS14000000,1981,Jan,7.5,1981-01-01
LNS14000000,1981,Feb,7.4,1981-02-01
LNS14000000,1981,Mar,7.4,1981-03-01
LNS14000000,1981,Apr,7.2,1981-04-01
LNS14000000,1981,May,7.5,1981-05-01
LNS14000000,1981,Jun,7.5,1981-06-01
LNS14000000,1981,Jul,7.2,1981-07-01
LNS14000000,1981,Aug,7.4,1981-08-01
LNS14000000,1981,Sep,7.6,1981-09-01
LNS14000000,1981,Oct,7.9,1981-10-01
LNS14000000,1981,Nov,8.3,1981-11-01
LNS14000000,1981,Dec,8.5,1981-12-01
LNS14000000,1982,Jan,8.6,1982-01-01
LNS14000000,1982,Feb,8.9,1982-02-01
LNS14000000,1982,Mar,9.0,1982-03-01
LNS14000000,1982,Apr,9.3,1982-04-01
LNS14000000,1982,May,9.4,1982-05-01
LNS14000000,1982,Jun,9.6,1982-06-01
LNS14000000,1982,Jul,9.8,1982-07-01
LNS14000000,1982,Aug,9.8,1982-08-01
LNS14000000,1982,Sep,10.1,1982-09-01
LNS14000000,1982,Oct,10.4,1982-10-01
LNS14000000,1982,Nov,10.8,1982-11-01
LNS14000000,1982,Dec,10.8,1982-12-01
LNS14000000,1983,Jan,10.4,1983-01-01
LNS14000000,1983,Feb,10.4,1983-02-01
LNS14000000,1983,Mar,10.3,1983-03-01
LNS14000000,1983,Apr,10.2,1983-04-01
LNS14000000,1983,May,10.1,1983-05-01
LNS14000000,1983,Jun,10.1,1983-06-01
LNS14000000,1983,Jul,9.4,1983-07-01
LNS14000000,1983,Aug,9.5,1983-08-01
LNS14000000,1983,Sep,9.2,1983-09-01
LNS14000000,1983,Oct,8.8,1983-10-01
LNS14000000,1983,Nov,8.5,1983-11-01
LNS14000000,1983,Dec,8.3,1983-12-01
LNS14000000,1984,Jan,8.0,1984-01-01
LNS14000000,1984,Feb,7.8,1984-02-01
LNS14000000,1984,Mar,7.8,1984-03-01
LNS14000000,1984,Apr,7.7,1984-04-01
LNS14000000,1984,May,7.4,1984-05-01
LNS14000000,1984,Jun,7.2,1984-06-01
LNS14000000,1984,Jul,7.5,1984-07-01
LNS14000000,1984,Aug,7.5,1984-08-01
LNS14000000,1984,Sep,7.3,1984-09-01
LNS14000000,1984,Oct,7.4,1984-10-01
LNS14000000,1984,Nov,7.2,1984-11-01
LNS14000000,1984,Dec,7.3,1984-12-01
LNS14000000,1985,Jan,7.3,1985-01-01
LNS14000000,1985,Feb,7.2,1985-02-01
LNS14000000,1985,Mar,7.2,1985-03-01
LNS14000000,1985,Apr,7.3,1985-04-01
LNS14000000,1985,May,7.2,1985-05-01
LNS14000000,1985,Jun,7.4,1985-06-01
LNS14000000,1985,Jul,7.4,1985-07-01
LNS14000000,1985,Aug,7.1,1985-08-01
LNS14000000,1985,Sep,7.1,1985-09-01
LNS14000000,1985,Oct,7.1,1985-10-01
LNS14000000,1985,Nov,7.0,1985-11-01
LNS14000000,1985,Dec,7.0,1985-12-01
LNS14000000,1986,Jan,6.7,1986-01-01
LNS14000000,1986,Feb,7.2,1986-02-01
LNS14000000,1986,Mar,7.2,1986-03-01
LNS14000000,1986,Apr,7.1,1986-04-01
LNS14000000,1986,May,7.2,1986-05-01
LNS14000000,1986,Jun,7.2,1986-06-01
LNS14000000,1986,Jul,7.0,1986-07-01
LNS14000000,1986,Aug,6.9,1986-08-01
LNS14000000,1986,Sep,7.0,1986-09-01
LNS14000000,1986,Oct,7.0,1986-10-01
LNS14000000,1986,Nov,6.9,1986-11-01
LNS14000000,1986,Dec,6.6,1986-12-01
LNS14000000,1987,Jan,6.6,1987-01-01
LNS14000000,1987,Feb,6.6,1987-02-01
LNS14000000,1987,Mar,6.6,1987-03-01
LNS14000000,1987,Apr,6.3,1987-04-01
LNS14000000,1987,May,6.3,1987-05-01
LNS14000000,1987,Jun,6.2,1987-06-01
LNS14000000,1987,Jul,6.1,1987-07-01
LNS14000000,1987,Aug,6.0,1987-08-01
LNS14000000,1987,Sep,5.9,1987-09-01
LNS14000000,1987,Oct,6.0,1987-10-01
LNS14000000,1987,Nov,5.8,1987-11-01
LNS14000000,1987,Dec,5.7,1987-12-01
LNS14000000,1988,Jan,5.7,1988-01-01
LNS14000000,1988,Feb,5.7,1988-02-01
LNS14000000,1988,Mar,5.7,1988-03-01
LNS14000000,1988,Apr,5.4,1988-04-01
LNS14000000,1988,May,5.6,1988-05-01
LNS14000000,1988,Jun,5.4,1988-06-01
LNS14000000,1988,Jul,5.4,1988-07-01
LNS14000000,1988,Aug,5.6,1988-08-01
LNS14000000,1988,Sep,5.4,1988-09-01
LNS14000000,1988,Oct,5.4,1988-10-01
LNS14000000,1988,Nov,5.3,1988-11-01
LNS14000000,1988,Dec,5.3,1988-12-01
LNS14000000,1989,Jan,5.4,1989-01-01
LNS14000000,1989,Feb,5.2,1989-02-01
LNS14000000,1989,Mar,5.0,1989-03-01
LNS14000000,1989,Apr,5.2,1989-04-01
LNS14000000,1989,May,5.2,1989-05-01
LNS14000000,1989,Jun,5.3,1989-06-01
LNS14000000,1989,Jul,5.2,1989-07-01
LNS14000000,1989,Aug,5.2,1989-08-01
LNS14000000,1989,Sep,5.3,1989-09-01
LNS14000000,1989,Oct,5.3,1989-10-01
LNS14000000,1989,Nov,5.4,1989-11-01
LNS14000000,1989,Dec,5.4,1989-12-01
LNS14000000,1990,Jan,5.4,1990-01-01
LNS14000000,1990,Feb,5.3,1990-02-01
LNS14000000,1990,Mar,5.2,1990-03-01
LNS14000000,1990,Apr,5.4,1990-04-01
LNS14000000,1990,May,5.4,1990-05-01
LNS14000000,1990,Jun,5.2,1990-06-01
LNS14000000,1990,Jul,5.5,1990-07-01
LNS14000000,1990,Aug,5.7,1990-08-01
LNS14000000,1990,Sep,5.9,1990-09-01
LNS14000000,1990,Oct,5.9,1990-10-01
LNS14000000,1990,Nov,6.2,1990-11-01
LNS14000000,1990,Dec,6.3,1990-12-01
LNS14000000,1991,Jan,6.4,1991-01-01
LNS14000000,1991,Feb,6.6,1991-02-01
LNS14000000,1991,Mar,6.8,1991-03-01
LNS14000000,1991,Apr,6.7,1991-04-01
LNS14000000,1991,May,6.9,1991-05-01
LNS14000000,1991,Jun,6.9,1991-06-01
LNS14000000,1991,Jul,6.8,1991-07-01
LNS14000000,1991,Aug,6.9,1991-08-01
LNS14000000,1991,Sep,6.9,1991-09-01
LNS14000000,1991,Oct,7.0,1991-10-01
LNS14000000,1991,Nov,7.0,1991-11-01
LNS14000000,1991,Dec,7.3,1991-12-01
LNS14000000,1992,Jan,7.3,1992-01-01
LNS14000000,1992,Feb,7.4,1992-02-01
LNS14000000,1992,Mar,7.4,1992-03-01
LNS14000000,1992,Apr,7.4,1992-04-01
LNS14000000,1992,May,7.6,1992-05-01
LNS14000000,1992,Jun,7.8,1992-06-01
LNS14000000,1992,Jul,7.7,1992-07-01
LNS14000000,1992,Aug,7.6,1992-08-01
LNS14000000,1992,Sep,7.6,1992-09-01
LNS14000000,1992,Oct,7.3,1992-10-01
LNS14000000,1992,Nov,7.4,1992-11-01
LNS14000000,1992,Dec,7.4,1992-12-01
LNS14000000,1993,Jan,7.3,1993-01-01
LNS14000000,1993,Feb,7.1,1993-02-01
LNS14000000,1993,Mar,7.0,1993-03-01
LNS14000000,1993,Apr,7.1,1993-04-01
LNS14000000,1993,May,7.1,1993-05-01
LNS14000000,1993,Jun,7.0,1993-06-01
LNS14000000,1993,Jul,6.9,1993-07-01
LNS14000000,1993,Aug,6.8,1993-08-01
LNS14000000,1993,Sep,6.7,1993-09-01
LNS14000000,1993,Oct,6.8,1993-10-01
LNS14000000,1993,Nov,6.6,1993-11-01
LNS14000000,1993,Dec,6.5,1993-12-01
LNS14000000,1994,Jan,6.6,1994-01-01
LNS14000000,1994,Feb,6.6,1994-02-01
LNS14000000,1994,Mar,6.5,1994-03-01
LNS14000000,1994,Apr,6.4,1994-04-01
LNS14000000,1994,May,6.1,1994-05-01
LNS14000000,1994,Jun,6.1,1994-06-01
LNS14000000,1994,Jul,6.1,1994-07-01
LNS14000000,1994,Aug,6.0,1994-08-01
LNS14000000,1994,Sep,5.9,1994-09-01
LNS14000000,1994,Oct,5.8,1994-10-01
LNS14000000,1994,Nov,5.6,1994-11-01
LNS14000000,1994,Dec,5.5,1994-12-01
LNS14000000,1995,Jan,5.6,1995-01-01
LNS14000000,1995,Feb,5.4,1995-02-01
LNS14000000,1995,Mar,5.4,1995-03-01
LNS14000000,1995,Apr,5.8,1995-04-01
LNS14000000,1995,May,5.6,1995-05-01
LNS14000000,1995,Jun,5.6,1995-06-01
LNS14000000,1995,Jul,5.7,1995-07-01
LNS14000000,1995,Aug,5.7,1995-08-01
LNS14000000,1995,Sep,5.6,1995-09-01
LNS14000000,1995,Oct,5.5,1995-10-01
LNS14000000,1995,Nov,5.6,1995-11-01
LNS14000000,1995,Dec,5.6,1995-12-01
LNS14000000,1996,Jan,5.6,1996-01-01
LNS14000000,1996,Feb,5.5,1996-02-01
LNS14000000,1996,Mar,5.5,1996-03-01
LNS14000000,1996,Apr,5.6,1996-04-01
LNS14000000,1996,May,5.6,1996-05-01
LNS14000000,1996,Jun,5.3,1996-06-01
LNS14000000,1996,Jul,5.5,1996-07-01
LNS14000000,1996,Aug,5.1,1996-08-01
LNS14000000,1996,Sep,5.2,1996-09-01
LNS14000000,1996,Oct,5.2,1996-10-01
LNS14000000,1996,Nov,5.4,1996-11-01
LNS14000000,1996,Dec,5.4,1996-12-01
LNS14000000,1997,Jan,5.3,1997-01-01
LNS14000000,1997,Feb,5.2,1997-02-01
LNS14000000,1997,Mar,5.2,1997-03-01
LNS14000000,1997,Apr,5.1,1997-04-01
LNS14000000,1997,May,4.9,1997-05-01
LNS14000000,1997,Jun,5.0,1997-06-01
LNS14000000,1997,Jul,4.9,1997-07-01
LNS14000000,1997,Aug,4.8,1997-08-01
LNS14000000,1997,Sep,4.9,1997-09-01
LNS14000000,1997,Oct,4.7,1997-10-01
LNS14000000,1997,Nov,4.6,1997-11-01
LNS14000000,1997,Dec,4.7,1997-12-01
LNS14000000,1998,Jan,4.6,1998-01-01
LNS14000000,1998,Feb,4.6,1998-02-01
LNS14000000,1998,Mar,4.7,1998-03-01
LNS14000000,1998,Apr,4.3,1998-04-01
LNS14000000,1998,May,4.4,1998-05-01
LNS14000000,1998,Jun,4.5,1998-06-01
LNS14000000,1998,Jul,4.5,1998-07-01
LNS14000000,1998,Aug,4.5,1998-08-01
LNS14000000,1998,Sep,4.6,1998-09-01
LNS14000000,1998,Oct,4.5,1998-10-01
LNS14000000,1998,Nov,4.4,1998-11-01
LNS14000000,1998,Dec,4.4,1998-12-01
LNS14000000,1999,Jan,4.3,1999-01-01
LNS14000000,1999,Feb,4.4,1999-02-01
LNS14000000,1999,Mar,4.2,1999-03-01
LNS14000000,1999,Apr,4.3,1999-04-01
LNS14000000,1999,May,4.2,1999-05-01
LNS14000000,1999,Jun,4.3,1999-06-01
LNS14000000,1999,Jul,4.3,1999-07-01
LNS14000000,1999,Aug,4.2,1999-08-01
LNS14000000,1999,Sep,4.2,1999-09-01
LNS14000000,1999,Oct,4.1,1999-10-01
LNS14000000,1999,Nov,4.1,1999-11-01
LNS14000000,1999,Dec,4.0,1999-12-01
LNS14000000,2000,Jan,4.0,2000-01-01
LNS14000000,2000,Feb,4.1,2000-02-01
LNS14000000,2000,Mar,4.0,2000-03-01
LNS14000000,2000,Apr,3.8,2000-04-01
LNS14000000,2000,May,4.0,2000-05-01
LNS14000000,2000,Jun,4.0,2000-06-01
LNS14000000,2000,Jul,4.0,2000-07-01
LNS14000000,2000,Aug,4.1,2000-08-01
LNS14000000,2000,Sep,3.9,2000-09-01
LNS14000000,2000,Oct,3.9,2000-10-01
LNS14000000,2000,Nov,3.9,2000-11-01
LNS14000000,2000,Dec,3.9,2000-12-01
LNS14000000,2001,Jan,4.2,2001-01-01
LNS14000000,2001,Feb,4.2,2001-02-01
LNS14000000,2001,Mar,4.3,2001-03-01
LNS14000000,2001,Apr,4.4,2001-04-01
LNS14000000,2001,May,4.3,2001-05-01
LNS14000000,2001,Jun,4.5,2001-06-01
LNS14000000,2001,Jul,4.6,2001-07-01
LNS14000000,2001,Aug,4.9,2001-08-01
LNS14000000,2001,Sep,5.0,2001-09-01
LNS14000000,2001,Oct,5.3,2001-10-01
LNS14000000,2001,Nov,5.5,2001-11-01
LNS14000000,2001,Dec,5.7,2001-12-01
LNS14000000,2002,Jan,5.7,2002-01-01
LNS14000000,2002,Feb,5.7,2002-02-01
LNS14000000,2002,Mar,5.7,2002-03-01
LNS14000000,2002,Apr,5.9,2002-04-01
LNS14000000,2002,May,5.8,2002-05-01
LNS14000000,2002,Jun,5.8,2002-06-01
LNS14000000,2002,Jul,5.8,2002-07-01
LNS14000000,2002,Aug,5.7,2002-08-01
LNS14000000,2002,Sep,5.7,2002-09-01
LNS14000000,2002,Oct,5.7,2002-10-01
LNS14000000,2002,Nov,5.9,2002-11-01
LNS14000000,2002,Dec,6.0,2002-12-01
LNS14000000,2003,Jan,5.8,2003-01-01
LNS14000000,2003,Feb,5.9,2003-02-01
LNS14000000,2003,Mar,5.9,2003-03-01
LNS14000000,2003,Apr,6.0,2003-04-01
LNS14000000,2003,May,6.1,2003-05-01
LNS14000000,2003,Jun,6.3,2003-06-01
LNS14000000,2003,Jul,6.2,2003-07-01
LNS14000000,2003,Aug,6.1,2003-08-01
LNS14000000,2003,Sep,6.1,2003-09-01
LNS14000000,2003,Oct,6.0,2003-10-01
LNS14000000,2003,Nov,5.8,2003-11-01
LNS14000000,2003,Dec,5.7,2003-12-01
LNS14000000,2004,Jan,5.7,2004-01-01
LNS14000000,2004,Feb,5.6,2004-02-01
LNS14000000,2004,Mar,5.8,2004-03-01
LNS14000000,2004,Apr,5.6,2004-04-01
LNS14000000,2004,May,5.6,2004-05-01
LNS14000000,2004,Jun,5.6,2004-06-01
LNS14000000,2004,Jul,5.5,2004-07-01
LNS14000000,2004,Aug,5.4,2004-08-01
LNS14000000,2004,Sep,5.4,2004-09-01
LNS14000000,2004,Oct,5.5,2004-10-01
LNS14000000,2004,Nov,5.4,2004-11-01
LNS14000000,2004,Dec,5.4,2004-12-01
LNS14000000,2005,Jan,5.3,2005-01-01
LNS14000000,2005,Feb,5.4,2005-02-01
LNS14000000,2005,Mar,5.2,2005-03-01
LNS14000000,2005,Apr,5.2,2005-04-01
LNS14000000,2005,May,5.1,2005-05-01
LNS14000000,2005,Jun,5.0,2005-06-01
LNS14000000,2005,Jul,5.0,2005-07-01
LNS14000000,2005,Aug,4.9,2005-08-01
LNS14000000,2005,Sep,5.0,2005-09-01
LNS14000000,2005,Oct,5.0,2005-10-01
LNS14000000,2005,Nov,5.0,2005-11-01
LNS14000000,2005,Dec,4.9,2005-12-01
LNS14000000,2006,Jan,4.7,2006-01-01
LNS14000000,2006,Feb,4.8,2006-02-01
LNS14000000,2006,Mar,4.7,2006-03-01
LNS14000000,2006,Apr,4.7,2006-04-01
LNS14000000,2006,May,4.6,2006-05-01
LNS14000000,2006,Jun,4.6,2006-06-01
LNS14000000,2006,Jul,4.7,2006-07-01
LNS14000000,2006,Aug,4.7,2006-08-01
LNS14000000,2006,Sep,4.5,2006-09-01
LNS14000000,2006,Oct,4.4,2006-10-01
LNS14000000,2006,Nov,4.5,2006-11-01
LNS14000000,2006,Dec,4.4,2006-12-01
LNS14000000,2007,Jan,4.6,2007-01-01
LNS14000000,2007,Feb,4.5,2007-02-01
LNS14000000,2007,Mar,4.4,2007-03-01
LNS14000000,2007,Apr,4.5,2007-04-01
LNS14000000,2007,May,4.4,2007-05-01
LNS14000000,2007,Jun,4.6,2007-06-01
LNS14000000,2007,Jul,4.6,2007-07-01
LNS14000000,2007,Aug,4.6,2007-08-01
LNS14000000,2007,Sep,4.7,2007-09-01
LNS14000000,2007,Oct,4.7,2007-10-01
LNS14000000,2007,Nov,4.7,2007-11-01
LNS14000000,2007,Dec,5.0,2007-12-01
LNS14000000,2008,Jan,5.0,2008-01-01
LNS14000000,2008,Feb,4.8,2008-02-01
LNS14000000,2008,Mar,5.1,2008-03-01
LNS14000000,2008,Apr,5.0,2008-04-01
LNS14000000,2008,May,5.4,2008-05-01
LNS14000000,2008,Jun,5.5,2008-06-01
LNS14000000,2008,Jul,5.8,2008-07-01
LNS14000000,2008,Aug,6.1,2008-08-01
LNS14000000,2008,Sep,6.2,2008-09-01
LNS14000000,2008,Oct,6.6,2008-10-01
LNS14000000,2008,Nov,6.9,2008-11-01
LNS14000000,2008,Dec,7.4,2008-12-01
LNS14000000,2009,Jan,7.7,2009-01-01
LNS14000000,2009,Feb,8.2,2009-02-01
LNS14000000,2009,Mar,8.6,2009-03-01
LNS14000000,2009,Apr,8.9,2009-04-01
LNS14000000,2009,May,9.4,2009-05-01
LNS14000000,2009,Jun,9.5,2009-06-01
LNS14000000,2009,Jul,9.4,2009-07-01
LNS14000000,2009,Aug,9.7,2009-08-01
LNS14000000,2009,Sep,9.8,2009-09-01
LNS14000000,2009,Oct,10.1,2009-10-01
LNS14000000,2009,Nov,10.0,2009-11-01
LNS14000000,2009,Dec,10.0,2009-12-01
LNS14000000,2010,Jan,9.7,2010-01-01
LNS14000000,2010,Feb,9.7,2010-02-01
